ID_NEON,ID_SENTINEL2,Collection_NEON,Collection_Sentinel,x,y,crs,sentinel2_id,neon_id
2016_HARV_3,20160816T153912_20160816T154443_T18TYN,projects/neon-prod-earthengine/assets/HSI_REFL/001,COPERNICUS/S2_HARMONIZED,729000.0013534757,4707000.0008215215,32618,COPERNICUS/S2_HARMONIZED/20160816T153912_20160816T154443_T18TYN,projects/neon-prod-earthengine/assets/HSI_REFL/001/2016_HARV_3
2016_HARV_3,20160816T153912_20160816T204603_T18TYN,projects/neon-prod-earthengine/assets/HSI_REFL/001,COPERNICUS/S2_HARMONIZED,729000.0013534757,4707000.0008215215,32618,COPERNICUS/S2_HARMONIZED/20160816T153912_20160816T204603_T18TYN,projects/neon-prod-earthengine/assets/HSI_REFL/001/2016_HARV_3
2017_CLBJ_2,20170430T171301_20170430T172229_T14SPB,projects/neon-prod-earthengine/assets/HSI_REFL/001,COPERNICUS/S2_HARMONIZED,629499.9999506018,3692999.999554598,32614,COPERNICUS/S2_HARMONIZED/20170430T171301_20170430T172229_T14SPB,projects/neon-prod-earthengine/assets/HSI_REFL/001/2017_CLBJ_2
2017_CLBJ_2,20170430T171301_20170430T172229_T14SPC,projects/neon-prod-earthengine/assets/HSI_REFL/001,COPERNICUS/S2_HARMONIZED,629500.0513381541,3695124.978874789,32614,COPERNICUS/S2_HARMONIZED/20170430T171301_20170430T172229_T14SPC,projects/neon-prod-earthengine/assets/HSI_REFL/001/2017_CLBJ_2
2017_SERC_3,20170804T154911_20170804T155116_T18SUJ,projects/neon-prod-earthengine/assets/HSI_REFL/001,COPERNICUS/S2_HARMONIZED,364499.9996486307,4305999.998759071,32618,COPERNICUS/S2_HARMONIZED/20170804T154911_20170804T155116_T18SUJ,projects/neon-prod-earthengine/assets/HSI_REFL/001/2017_SERC_3
2017_SRER_1,20170823T181441_20170823T181444_T12SVA,projects/neon-prod-earthengine/assets/HSI_REFL/001,COPERNICUS/S2_HARMONIZED,505466.5574477448,3525242.394145125,32612,COPERNICUS/S2_HARMONIZED/20170823T181441_20170823T181444_T12SVA,projects/neon-prod-earthengine/assets/HSI_REFL/001/2017_SRER_1
2017_SRER_1,20170823T181441_20170823T181444_T12SWA,projects/neon-prod-earthengine/assets/HSI_REFL/001,COPERNICUS/S2_HARMONIZED,514268.3518495863,3524094.650470739,32612,COPERNICUS/S2_HARMONIZED/20170823T181441_20170823T181444_T12SWA,projects/neon-prod-earthengine/assets/HSI_REFL/001/2017_SRER_1
2018_OAES_3,20180418T171901_20180418T172509_T14SME,projects/neon-prod-earthengine/assets/HSI_REFL/001,COPERNICUS/S2_HARMONIZED,491000.0010486118,3913500.000954498,32614,COPERNICUS/S2_HARMONIZED/20180418T171901_20180418T172509_T14SME,projects/neon-prod-earthengine/assets/HSI_REFL/001/2018_OAES_3
2018_SRER_2,20180823T175909_20180823T180657_T12SVA,projects/neon-prod-earthengine/assets/HSI_REFL/001,COPERNICUS/S2_HARMONIZED,504374.8969900116,3521000.0101019223,32612,COPERNICUS/S2_HARMONIZED/20180823T175909_20180823T180657_T12SVA,projects/neon-prod-earthengine/assets/HSI_REFL/001/2018_SRER_2
2018_SRER_2,20180823T175909_20180823T180657_T12SWA,projects/neon-prod-earthengine/assets/HSI_REFL/001,COPERNICUS/S2_HARMONIZED,512985.2409022484,3520999.996175031,32612,COPERNICUS/S2_HARMONIZED/20180823T175909_20180823T180657_T12SWA,projects/neon-prod-earthengine/assets/HSI_REFL/001/2018_SRER_2
2019_HARV_6,20190811T153911_20190811T154405_T18TYM,projects/neon-prod-earthengine/assets/HSI_REFL/001,COPERNICUS/S2_HARMONIZED,730500.0031497194,4697024.442155565,32618,COPERNICUS/S2_HARMONIZED/20190811T153911_20190811T154405_T18TYM,projects/neon-prod-earthengine/assets/HSI_REFL/001/2019_HARV_6
2019_HARV_6,20190811T153911_20190811T154405_T18TYN,projects/neon-prod-earthengine/assets/HSI_REFL/001,COPERNICUS/S2_HARMONIZED,730499.9996167585,4706499.999099702,32618,COPERNICUS/S2_HARMONIZED/20190811T153911_20190811T154405_T18TYN,projects/neon-prod-earthengine/assets/HSI_REFL/001/2019_HARV_6
2019_HEAL_3,20190625T214539_20190625T214538_T05VPL,projects/neon-prod-earthengine/assets/HSI_REFL/001,COPERNICUS/S2_HARMONIZED,391499.9976199364,7084999.998988921,32606,COPERNICUS/S2_HARMONIZED/20190625T214539_20190625T214538_T05VPL,projects/neon-prod-earthengine/assets/HSI_REFL/001/2019_HEAL_3
2019_HEAL_3,20190625T214539_20190625T214538_T06VUR,projects/neon-prod-earthengine/assets/HSI_REFL/001,COPERNICUS/S2_HARMONIZED,391499.9976199364,7084999.998988921,32606,COPERNICUS/S2_HARMONIZED/20190625T214539_20190625T214538_T06VUR,projects/neon-prod-earthengine/assets/HSI_REFL/001/2019_HEAL_3
2019_JERC_5,20190830T160901_20190830T161839_T16RGV,projects/neon-prod-earthengine/assets/HSI_REFL/001,COPERNICUS/S2_HARMONIZED,741999.9996968815,3459999.9980311114,32616,COPERNICUS/S2_HARMONIZED/20190830T160901_20190830T161839_T16RGV,projects/neon-prod-earthengine/assets/HSI_REFL/001/2019_JERC_5
2019_JORN_3,20190825T174909_20190825T180034_T13SCS,projects/neon-prod-earthengine/assets/HSI_REFL/001,COPERNICUS/S2_HARMONIZED,325999.99946390616,3613000.000518506,32613,COPERNICUS/S2_HARMONIZED/20190825T174909_20190825T180034_T13SCS,projects/neon-prod-earthengine/assets/HSI_REFL/001/2019_JORN_3
2019_SOAP_4,20190611T183929_20190611T185318_T11SKB,projects/neon-prod-earthengine/assets/HSI_REFL/001,COPERNICUS/S2_HARMONIZED,299500.00033833,4102500.000220377,32611,COPERNICUS/S2_HARMONIZED/20190611T183929_20190611T185318_T11SKB,projects/neon-prod-earthengine/assets/HSI_REFL/001/2019_SOAP_4
2019_SOAP_4,20190611T183929_20190611T185318_T11SLB,projects/neon-prod-earthengine/assets/HSI_REFL/001,COPERNICUS/S2_HARMONIZED,303494.6594905553,4102500.193169724,32611,COPERNICUS/S2_HARMONIZED/20190611T183929_20190611T185318_T11SLB,projects/neon-prod-earthengine/assets/HSI_REFL/001/2019_SOAP_4
2020_CPER_7,20200913T174941_20200913T175722_T13TEF,projects/neon-prod-earthengine/assets/HSI_REFL/001,COPERNICUS/S2_HARMONIZED,521500.0022378435,4518999.999878095,32613,COPERNICUS/S2_HARMONIZED/20200913T174941_20200913T175722_T13TEF,projects/neon-prod-earthengine/assets/HSI_REFL/001/2020_CPER_7
2020_NIWO_4,20200720T174909_20200720T175738_T13TDE,projects/neon-prod-earthengine/assets/HSI_REFL/001,COPERNICUS/S2_HARMONIZED,451499.9993448122,4431500.000239958,32613,COPERNICUS/S2_HARMONIZED/20200720T174909_20200720T175738_T13TDE,projects/neon-prod-earthengine/assets/HSI_REFL/001/2020_NIWO_4
2020_YELL_3,20200704T181931_20200704T182233_T12TWQ,projects/neon-prod-earthengine/assets/HSI_REFL/001,COPERNICUS/S2_HARMONIZED,537499.9976184481,4975499.998473803,32612,COPERNICUS/S2_HARMONIZED/20200704T181931_20200704T182233_T12TWQ,projects/neon-prod-earthengine/assets/HSI_REFL/001/2020_YELL_3
2021_ABBY_4,20210719T190919_20210719T191700_T10TER,projects/neon-prod-earthengine/assets/HSI_REFL/001,COPERNICUS/S2_HARMONIZED,553000.0017397746,5067000.000399666,32610,COPERNICUS/S2_HARMONIZED/20210719T190919_20210719T191700_T10TER,projects/neon-prod-earthengine/assets/HSI_REFL/001/2021_ABBY_4
2021_BONA_4,20210713T212531_20210713T212706_T06WVT,projects/neon-prod-earthengine/assets/HSI_REFL/001,COPERNICUS/S2_HARMONIZED,477000.0011121556,7228000.001930334,32606,COPERNICUS/S2_HARMONIZED/20210713T212531_20210713T212706_T06WVT,projects/neon-prod-earthengine/assets/HSI_REFL/001/2021_BONA_4
2021_CLBJ_5,20210618T170851_20210618T171557_T14SPB,projects/neon-prod-earthengine/assets/HSI_REFL/001,COPERNICUS/S2_HARMONIZED,629500.0029326043,3691514.456082705,32614,COPERNICUS/S2_HARMONIZED/20210618T170851_20210618T171557_T14SPB,projects/neon-prod-earthengine/assets/HSI_REFL/001/2021_CLBJ_5
2021_CLBJ_5,20210618T170851_20210618T171557_T14SPC,projects/neon-prod-earthengine/assets/HSI_REFL/001,COPERNICUS/S2_HARMONIZED,629500.0781234335,3695624.9778367537,32614,COPERNICUS/S2_HARMONIZED/20210618T170851_20210618T171557_T14SPC,projects/neon-prod-earthengine/assets/HSI_REFL/001/2021_CLBJ_5
2021_HEAL_4,20210711T213529_20210711T213531_T05VPL,projects/neon-prod-earthengine/assets/HSI_REFL/001,COPERNICUS/S2_HARMONIZED,391500.0016549629,7085499.997007185,32606,COPERNICUS/S2_HARMONIZED/20210711T213529_20210711T213531_T05VPL,projects/neon-prod-earthengine/assets/HSI_REFL/001/2021_HEAL_4
2021_HEAL_4,20210711T213529_20210711T213531_T05WPM,projects/neon-prod-earthengine/assets/HSI_REFL/001,COPERNICUS/S2_HARMONIZED,391737.6926885347,7090269.437705969,32606,COPERNICUS/S2_HARMONIZED/20210711T213529_20210711T213531_T05WPM,projects/neon-prod-earthengine/assets/HSI_REFL/001/2021_HEAL_4
2021_HEAL_4,20210711T213529_20210711T213531_T06VUR,projects/neon-prod-earthengine/assets/HSI_REFL/001,COPERNICUS/S2_HARMONIZED,391500.0016549629,7085499.997007185,32606,COPERNICUS/S2_HARMONIZED/20210711T213529_20210711T213531_T06VUR,projects/neon-prod-earthengine/assets/HSI_REFL/001/2021_HEAL_4
2021_JORN_4,20210826T173911_20210826T175436_T13SCS,projects/neon-prod-earthengine/assets/HSI_REFL/001,COPERNICUS/S2_HARMONIZED,326000.00153185194,3611500.000709052,32613,COPERNICUS/S2_HARMONIZED/20210826T173911_20210826T175436_T13SCS,projects/neon-prod-earthengine/assets/HSI_REFL/001/2021_JORN_4
2021_OAES_5,20210621T171901_20210621T172703_T14SME,projects/neon-prod-earthengine/assets/HSI_REFL/001,COPERNICUS/S2_HARMONIZED,492500.0008493425,3913500.000734819,32614,COPERNICUS/S2_HARMONIZED/20210621T171901_20210621T172703_T14SME,projects/neon-prod-earthengine/assets/HSI_REFL/001/2021_OAES_5
2021_OSBS_6,20210831T155819_20210831T160320_T17RLN,projects/neon-prod-earthengine/assets/HSI_REFL/001,COPERNICUS/S2_HARMONIZED,401894.47036367713,3284500.044601837,32617,COPERNICUS/S2_HARMONIZED/20210831T155819_20210831T160320_T17RLN,projects/neon-prod-earthengine/assets/HSI_REFL/001/2021_OSBS_6
2021_OSBS_6,20210831T155819_20210831T160320_T17RMN,projects/neon-prod-earthengine/assets/HSI_REFL/001,COPERNICUS/S2_HARMONIZED,406474.9173717266,3284499.9236709825,32617,COPERNICUS/S2_HARMONIZED/20210831T155819_20210831T160320_T17RMN,projects/neon-prod-earthengine/assets/HSI_REFL/001/2021_OSBS_6
2021_SRER_4,20210822T175911_20210822T181050_T12SVA,projects/neon-prod-earthengine/assets/HSI_REFL/001,COPERNICUS/S2_HARMONIZED,505374.8939754082,3521500.021101923,32612,COPERNICUS/S2_HARMONIZED/20210822T175911_20210822T181050_T12SVA,projects/neon-prod-earthengine/assets/HSI_REFL/001/2021_SRER_4
2021_SRER_4,20210822T175911_20210822T181050_T12SWA,projects/neon-prod-earthengine/assets/HSI_REFL/001,COPERNICUS/S2_HARMONIZED,513499.99819498014,3521499.998688341,32612,COPERNICUS/S2_HARMONIZED/20210822T175911_20210822T181050_T12SWA,projects/neon-prod-earthengine/assets/HSI_REFL/001/2021_SRER_4
2022_ABBY_5,20220711T185919_20220711T190833_T10TER,projects/neon-prod-earthengine/assets/HSI_REFL/002,COPERNICUS/S2_HARMONIZED,553000.0008358404,5067499.999758453,32610,COPERNICUS/S2_HARMONIZED/20220711T185919_20220711T190833_T10TER,projects/neon-prod-earthengine/assets/HSI_REFL/002/2022_ABBY_5
2022_ARIK_4,20220707T173909_20220707T174820_T13SGD,projects/neon-prod-earthengine/assets/HSI_REFL/002,COPERNICUS/S2_HARMONIZED,713999.9954418399,4395524.654612852,32613,COPERNICUS/S2_HARMONIZED/20220707T173909_20220707T174820_T13SGD,projects/neon-prod-earthengine/assets/HSI_REFL/002/2022_ARIK_4
2022_ARIK_4,20220707T173909_20220707T174820_T13TGE,projects/neon-prod-earthengine/assets/HSI_REFL/002,COPERNICUS/S2_HARMONIZED,713999.9998072333,4402500.002880952,32613,COPERNICUS/S2_HARMONIZED/20220707T173909_20220707T174820_T13TGE,projects/neon-prod-earthengine/assets/HSI_REFL/002/2022_ARIK_4
2022_ARIK_4,20220707T173909_20220707T174820_T14SKJ,projects/neon-prod-earthengine/assets/HSI_REFL/002,COPERNICUS/S2_HARMONIZED,718876.9349724039,4394265.474652847,32613,COPERNICUS/S2_HARMONIZED/20220707T173909_20220707T174820_T14SKJ,projects/neon-prod-earthengine/assets/HSI_REFL/002/2022_ARIK_4
2022_ARIK_4,20220707T173909_20220707T174820_T14TKK,projects/neon-prod-earthengine/assets/HSI_REFL/002,COPERNICUS/S2_HARMONIZED,718524.188101603,4402831.173237673,32613,COPERNICUS/S2_HARMONIZED/20220707T173909_20220707T174820_T14TKK,projects/neon-prod-earthengine/assets/HSI_REFL/002/2022_ARIK_4
2022_CHEQ_7,20220617T164851_20220617T164900_T15TYL,projects/neon-prod-earthengine/assets/HSI_REFL/002,COPERNICUS/S2_HARMONIZED,726500.0004295768,5077000.000409429,32615,COPERNICUS/S2_HARMONIZED/20220617T164851_20220617T164900_T15TYL,projects/neon-prod-earthengine/assets/HSI_REFL/002/2022_CHEQ_7
2022_GRSM_7,20220923T161001_20220923T161444_T16SGE,projects/neon-prod-earthengine/assets/HSI_REFL/002,COPERNICUS/S2_HARMONIZED,262766.2363618007,3948391.046970905,32617,COPERNICUS/S2_HARMONIZED/20220923T161001_20220923T161444_T16SGE,projects/neon-prod-earthengine/assets/HSI_REFL/002/2022_GRSM_7
2022_GRSM_7,20220923T161001_20220923T161444_T17SKV,projects/neon-prod-earthengine/assets/HSI_REFL/002,COPERNICUS/S2_HARMONIZED,274499.9988746394,3948000.000239101,32617,COPERNICUS/S2_HARMONIZED/20220923T161001_20220923T161444_T17SKV,projects/neon-prod-earthengine/assets/HSI_REFL/002/2022_GRSM_7
2022_GUIL_2,20221024T150719_20221024T150719_T19QGA,projects/neon-prod-earthengine/assets/HSI_REFL/002,COPERNICUS/S2_HARMONIZED,734000.0028922816,2009500.0016991696,32619,COPERNICUS/S2_HARMONIZED/20221024T150719_20221024T150719_T19QGA,projects/neon-prod-earthengine/assets/HSI_REFL/002/2022_GUIL_2
2022_JORN_5,20220903T174921_20220903T175451_T13SCS,projects/neon-prod-earthengine/assets/HSI_REFL/002,COPERNICUS/S2_HARMONIZED,325999.99946390616,3613000.000518506,32613,COPERNICUS/S2_HARMONIZED/20220903T174921_20220903T175451_T13SCS,projects/neon-prod-earthengine/assets/HSI_REFL/002/2022_JORN_5
2022_KONZ_7,20220613T170901_20220613T172041_T14SPJ,projects/neon-prod-earthengine/assets/HSI_REFL/002,COPERNICUS/S2_HARMONIZED,705895.192918659,4335499.479460668,32614,COPERNICUS/S2_HARMONIZED/20220613T170901_20220613T172041_T14SPJ,projects/neon-prod-earthengine/assets/HSI_REFL/002/2022_KONZ_7
2022_KONZ_7,20220613T170901_20220613T172041_T14SQJ,projects/neon-prod-earthengine/assets/HSI_REFL/002,COPERNICUS/S2_HARMONIZED,710000.0004893347,4335500.001707495,32614,COPERNICUS/S2_HARMONIZED/20220613T170901_20220613T172041_T14SQJ,projects/neon-prod-earthengine/assets/HSI_REFL/002/2022_KONZ_7
2022_MCDI_3,20220613T170901_20220613T172041_T14SQJ,projects/neon-prod-earthengine/assets/HSI_REFL/002,COPERNICUS/S2_HARMONIZED,718500.0001998106,4314500.001267903,32614,COPERNICUS/S2_HARMONIZED/20220613T170901_20220613T172041_T14SQJ,projects/neon-prod-earthengine/assets/HSI_REFL/002/2022_MCDI_3
2022_MLBS_5,20220920T155941_20220920T161148_T17SNB,projects/neon-prod-earthengine/assets/HSI_REFL/002,COPERNICUS/S2_HARMONIZED,541000.0006267437,4137500.001373957,32617,COPERNICUS/S2_HARMONIZED/20220920T155941_20220920T161148_T17SNB,projects/neon-prod-earthengine/assets/HSI_REFL/002/2022_MLBS_5
2022_MOAB_6,20220429T175921_20220429T180752_T12SXH,projects/neon-prod-earthengine/assets/HSI_REFL/002,COPERNICUS/S2_HARMONIZED,641500.0010208006,4234000.000099552,32612,COPERNICUS/S2_HARMONIZED/20220429T175921_20220429T180752_T12SXH,projects/neon-prod-earthengine/assets/HSI_REFL/002/2022_MOAB_6
2022_ONAQ_4,20220505T181921_20220505T182340_T12TUK,projects/neon-prod-earthengine/assets/HSI_REFL/002,COPERNICUS/S2_HARMONIZED,372999.9987377218,4449999.999902138,32612,COPERNICUS/S2_HARMONIZED/20220505T181921_20220505T182340_T12TUK,projects/neon-prod-earthengine/assets/HSI_REFL/002/2022_ONAQ_4
2022_REDB_4,20220505T181921_20220505T182340_T12TVL,projects/neon-prod-earthengine/assets/HSI_REFL/002,COPERNICUS/S2_HARMONIZED,434500.0011328541,4516999.999536767,32612,COPERNICUS/S2_HARMONIZED/20220505T181921_20220505T182340_T12TVL,projects/neon-prod-earthengine/assets/HSI_REFL/002/2022_REDB_4
2022_STER_4,20220717T173909_20220717T174744_T13TFE,projects/neon-prod-earthengine/assets/HSI_REFL/002,COPERNICUS/S2_HARMONIZED,666000.0016098047,4482500.000737344,32613,COPERNICUS/S2_HARMONIZED/20220717T173909_20220717T174744_T13TFE,projects/neon-prod-earthengine/assets/HSI_REFL/002/2022_STER_4
2022_TOOL_4,20220803T214541_20220803T214540_T05WPS,projects/neon-prod-earthengine/assets/HSI_REFL/002,COPERNICUS/S2_HARMONIZED,402000.000848719,7614499.998950599,32606,COPERNICUS/S2_HARMONIZED/20220803T214541_20220803T214540_T05WPS,projects/neon-prod-earthengine/assets/HSI_REFL/002/2022_TOOL_4
2022_TOOL_4,20220803T214541_20220803T214540_T06WVB,projects/neon-prod-earthengine/assets/HSI_REFL/002,COPERNICUS/S2_HARMONIZED,406974.8412049557,7614500.00706054,32606,COPERNICUS/S2_HARMONIZED/20220803T214541_20220803T214540_T06WVB,projects/neon-prod-earthengine/assets/HSI_REFL/002/2022_TOOL_4
2022_UKFS_6,20220608T170849_20220608T171949_T15SUD,projects/neon-prod-earthengine/assets/HSI_REFL/002,COPERNICUS/S2_HARMONIZED,309999.9998270118,4322000.000272201,32615,COPERNICUS/S2_HARMONIZED/20220608T170849_20220608T171949_T15SUD,projects/neon-prod-earthengine/assets/HSI_REFL/002/2022_UKFS_6
2022_UNDE_5,20220620T165901_20220620T171040_T15TYM,projects/neon-prod-earthengine/assets/HSI_REFL/002,COPERNICUS/S2_HARMONIZED,306499.9987155942,5120000.001310234,32616,COPERNICUS/S2_HARMONIZED/20220620T165901_20220620T171040_T15TYM,projects/neon-prod-earthengine/assets/HSI_REFL/002/2022_UNDE_5
2022_UNDE_5,20220620T165901_20220620T171040_T16TCS,projects/neon-prod-earthengine/assets/HSI_REFL/002,COPERNICUS/S2_HARMONIZED,306499.9987155942,5120000.001310234,32616,COPERNICUS/S2_HARMONIZED/20220620T165901_20220620T171040_T16TCS,projects/neon-prod-earthengine/assets/HSI_REFL/002/2022_UNDE_5
2022_WREF_5,20220711T185919_20220711T190833_T10TER,projects/neon-prod-earthengine/assets/HSI_REFL/002,COPERNICUS/S2_HARMONIZED,582499.9988640277,5075999.999766018,32610,COPERNICUS/S2_HARMONIZED/20220711T185919_20220711T190833_T10TER,projects/neon-prod-earthengine/assets/HSI_REFL/002/2022_WREF_5
2022_YELL_4,20220621T180931_20220621T181040_T12TWQ,projects/neon-prod-earthengine/assets/HSI_REFL/002,COPERNICUS/S2_HARMONIZED,538000.0017537111,4975000.001377378,32612,COPERNICUS/S2_HARMONIZED/20220621T180931_20220621T181040_T12TWQ,projects/neon-prod-earthengine/assets/HSI_REFL/002/2022_YELL_4
2023_ARIK_5,20230813T172901_20230813T174104_T13SGD,projects/neon-prod-earthengine/assets/HSI_REFL/002,COPERNICUS/S2_HARMONIZED,712500.063593076,4396024.596912476,32613,COPERNICUS/S2_HARMONIZED/20230813T172901_20230813T174104_T13SGD,projects/neon-prod-earthengine/assets/HSI_REFL/002/2023_ARIK_5
2023_ARIK_5,20230813T172901_20230813T174104_T13TGE,projects/neon-prod-earthengine/assets/HSI_REFL/002,COPERNICUS/S2_HARMONIZED,712499.9995135082,4401499.9985420015,32613,COPERNICUS/S2_HARMONIZED/20230813T172901_20230813T174104_T13TGE,projects/neon-prod-earthengine/assets/HSI_REFL/002/2023_ARIK_5
2023_DEJU_5,20230720T211521_20230720T211515_T06VWR,projects/neon-prod-earthengine/assets/HSI_REFL/002,COPERNICUS/S2_HARMONIZED,563500.000421843,7082499.999754384,32606,COPERNICUS/S2_HARMONIZED/20230720T211521_20230720T211515_T06VWR,projects/neon-prod-earthengine/assets/HSI_REFL/002/2023_DEJU_5
2023_DSNY_7,20230418T155821_20230418T160614_T17RMM,projects/neon-prod-earthengine/assets/HSI_REFL/002,COPERNICUS/S2_HARMONIZED,458000.00029004575,3107000.000640661,32617,COPERNICUS/S2_HARMONIZED/20230418T155821_20230418T160614_T17RMM,projects/neon-prod-earthengine/assets/HSI_REFL/002/2023_DSNY_7
2023_HEAL_5,20230812T212531_20230812T212612_T05VPL,projects/neon-prod-earthengine/assets/HSI_REFL/002,COPERNICUS/S2_HARMONIZED,390999.9996584498,7085499.998858432,32606,COPERNICUS/S2_HARMONIZED/20230812T212531_20230812T212612_T05VPL,projects/neon-prod-earthengine/assets/HSI_REFL/002/2023_HEAL_5
2023_HEAL_5,20230812T212531_20230812T212612_T05WPM,projects/neon-prod-earthengine/assets/HSI_REFL/002,COPERNICUS/S2_HARMONIZED,391177.0764605725,7089796.021674417,32606,COPERNICUS/S2_HARMONIZED/20230812T212531_20230812T212612_T05WPM,projects/neon-prod-earthengine/assets/HSI_REFL/002/2023_HEAL_5
2023_HEAL_5,20230812T212531_20230812T212612_T06VUR,projects/neon-prod-earthengine/assets/HSI_REFL/002,COPERNICUS/S2_HARMONIZED,390999.9996584498,7085499.998858432,32606,COPERNICUS/S2_HARMONIZED/20230812T212531_20230812T212612_T06VUR,projects/neon-prod-earthengine/assets/HSI_REFL/002/2023_HEAL_5
2023_HEAL_5,20230813T214539_20230813T214533_T05VPL,projects/neon-prod-earthengine/assets/HSI_REFL/002,COPERNICUS/S2_HARMONIZED,390999.9996584498,7085499.998858432,32606,COPERNICUS/S2_HARMONIZED/20230813T214539_20230813T214533_T05VPL,projects/neon-prod-earthengine/assets/HSI_REFL/002/2023_HEAL_5
2023_HEAL_5,20230813T214539_20230813T214533_T05WPM,projects/neon-prod-earthengine/assets/HSI_REFL/002,COPERNICUS/S2_HARMONIZED,391177.0452104542,7089795.876141967,32606,COPERNICUS/S2_HARMONIZED/20230813T214539_20230813T214533_T05WPM,projects/neon-prod-earthengine/assets/HSI_REFL/002/2023_HEAL_5
2023_HEAL_5,20230813T214539_20230813T214533_T06VUR,projects/neon-prod-earthengine/assets/HSI_REFL/002,COPERNICUS/S2_HARMONIZED,390999.9996584498,7085499.998858432,32606,COPERNICUS/S2_HARMONIZED/20230813T214539_20230813T214533_T06VUR,projects/neon-prod-earthengine/assets/HSI_REFL/002/2023_HEAL_5
2023_JERC_7,20230501T160821_20230501T161942_T16RGV,projects/neon-prod-earthengine/assets/HSI_REFL/002,COPERNICUS/S2_HARMONIZED,740999.9989320706,3459000.0008556284,32616,COPERNICUS/S2_HARMONIZED/20230501T160821_20230501T161942_T16RGV,projects/neon-prod-earthengine/assets/HSI_REFL/002/2023_JERC_7
2023_MLBS_6,20230602T155819_20230602T160940_T17SNB,projects/neon-prod-earthengine/assets/HSI_REFL/002,COPERNICUS/S2_HARMONIZED,541500.0004147047,4137500.000195911,32617,COPERNICUS/S2_HARMONIZED/20230602T155819_20230602T160940_T17SNB,projects/neon-prod-earthengine/assets/HSI_REFL/002/2023_MLBS_6
2023_OAES_7,20230507T171859_20230507T172536_T14SME,projects/neon-prod-earthengine/assets/HSI_REFL/002,COPERNICUS/S2_HARMONIZED,491000.0010486118,3913500.000954498,32614,COPERNICUS/S2_HARMONIZED/20230507T171859_20230507T172536_T14SME,projects/neon-prod-earthengine/assets/HSI_REFL/002/2023_OAES_7
2023_ONAQ_5,20230425T181919_20230425T182746_T12TUK,projects/neon-prod-earthengine/assets/HSI_REFL/002,COPERNICUS/S2_HARMONIZED,372999.9995777239,4450500.000806483,32612,COPERNICUS/S2_HARMONIZED/20230425T181919_20230425T182746_T12TUK,projects/neon-prod-earthengine/assets/HSI_REFL/002/2023_ONAQ_5
2023_OSBS_7,20230423T155819_20230423T160343_T17RLN,projects/neon-prod-earthengine/assets/HSI_REFL/002,COPERNICUS/S2_HARMONIZED,401894.47036367713,3284500.044601837,32617,COPERNICUS/S2_HARMONIZED/20230423T155819_20230423T160343_T17RLN,projects/neon-prod-earthengine/assets/HSI_REFL/002/2023_OSBS_7
2023_OSBS_7,20230423T155819_20230423T160343_T17RMN,projects/neon-prod-earthengine/assets/HSI_REFL/002,COPERNICUS/S2_HARMONIZED,406474.9173717266,3284499.9236709825,32617,COPERNICUS/S2_HARMONIZED/20230423T155819_20230423T160343_T17RMN,projects/neon-prod-earthengine/assets/HSI_REFL/002/2023_OSBS_7
2023_SCBI_6,20230617T155821_20230617T161043_T17SQD,projects/neon-prod-earthengine/assets/HSI_REFL/002,COPERNICUS/S2_HARMONIZED,746999.9999587294,4306500.000311547,32617,COPERNICUS/S2_HARMONIZED/20230617T155821_20230617T161043_T17SQD,projects/neon-prod-earthengine/assets/HSI_REFL/002/2023_SCBI_6
2023_SCBI_6,20230617T155821_20230617T161043_T18STJ,projects/neon-prod-earthengine/assets/HSI_REFL/002,COPERNICUS/S2_HARMONIZED,746999.9999587294,4306500.000311547,32617,COPERNICUS/S2_HARMONIZED/20230617T155821_20230617T161043_T18STJ,projects/neon-prod-earthengine/assets/HSI_REFL/002/2023_SCBI_6
2023_SJER_6,20230401T183929_20230401T184336_T10SGG,projects/neon-prod-earthengine/assets/HSI_REFL/002,COPERNICUS/S2_HARMONIZED,256999.9991527217,4107999.9988560616,32611,COPERNICUS/S2_HARMONIZED/20230401T183929_20230401T184336_T10SGG,projects/neon-prod-earthengine/assets/HSI_REFL/002/2023_SJER_6
2023_SJER_6,20230401T183929_20230401T184336_T11SKB,projects/neon-prod-earthengine/assets/HSI_REFL/002,COPERNICUS/S2_HARMONIZED,256999.9991527217,4107999.9988560616,32611,COPERNICUS/S2_HARMONIZED/20230401T183929_20230401T184336_T11SKB,projects/neon-prod-earthengine/assets/HSI_REFL/002/2023_SJER_6
2023_SOAP_6,20230605T183921_20230605T184700_T11SKA,projects/neon-prod-earthengine/assets/HSI_REFL/002,COPERNICUS/S2_HARMONIZED,304499.9229216186,4096524.67632602,32611,COPERNICUS/S2_HARMONIZED/20230605T183921_20230605T184700_T11SKA,projects/neon-prod-earthengine/assets/HSI_REFL/002/2023_SOAP_6
2023_SOAP_6,20230605T183921_20230605T184700_T11SKB,projects/neon-prod-earthengine/assets/HSI_REFL/002,COPERNICUS/S2_HARMONIZED,304500.0016215944,4101999.99994154,32611,COPERNICUS/S2_HARMONIZED/20230605T183921_20230605T184700_T11SKB,projects/neon-prod-earthengine/assets/HSI_REFL/002/2023_SOAP_6
2023_SOAP_6,20230605T183921_20230605T184700_T11SLA,projects/neon-prod-earthengine/assets/HSI_REFL/002,COPERNICUS/S2_HARMONIZED,304499.8936379954,4096524.687440037,32611,COPERNICUS/S2_HARMONIZED/20230605T183921_20230605T184700_T11SLA,projects/neon-prod-earthengine/assets/HSI_REFL/002/2023_SOAP_6
2023_SOAP_6,20230605T183921_20230605T184700_T11SLB,projects/neon-prod-earthengine/assets/HSI_REFL/002,COPERNICUS/S2_HARMONIZED,304500.0016215944,4101999.99994154,32611,COPERNICUS/S2_HARMONIZED/20230605T183921_20230605T184700_T11SLB,projects/neon-prod-earthengine/assets/HSI_REFL/002/2023_SOAP_6
2023_SOAP_7,20230705T183921_20230705T184701_T11SKB,projects/neon-prod-earthengine/assets/HSI_REFL/002,COPERNICUS/S2_HARMONIZED,297500.00030608475,4103000.000996575,32611,COPERNICUS/S2_HARMONIZED/20230705T183921_20230705T184701_T11SKB,projects/neon-prod-earthengine/assets/HSI_REFL/002/2023_SOAP_7
2023_UKFS_7,20230524T170859_20230524T171356_T15STD,projects/neon-prod-earthengine/assets/HSI_REFL/002,COPERNICUS/S2_HARMONIZED,306383.9968384419,4322000.074108659,32615,COPERNICUS/S2_HARMONIZED/20230524T170859_20230524T171356_T15STD,projects/neon-prod-earthengine/assets/HSI_REFL/002/2023_UKFS_7
2023_UKFS_7,20230524T170859_20230524T171356_T15SUD,projects/neon-prod-earthengine/assets/HSI_REFL/002,COPERNICUS/S2_HARMONIZED,309999.9998378765,4321999.999200259,32615,COPERNICUS/S2_HARMONIZED/20230524T170859_20230524T171356_T15SUD,projects/neon-prod-earthengine/assets/HSI_REFL/002/2023_UKFS_7
2023_WOOD_6,20230619T172859_20230619T173914_T14TMT,projects/neon-prod-earthengine/assets/HSI_REFL/002,COPERNICUS/S2_HARMONIZED,487000.0014286905,5222999.999123447,32614,COPERNICUS/S2_HARMONIZED/20230619T172859_20230619T173914_T14TMT,projects/neon-prod-earthengine/assets/HSI_REFL/002/2023_WOOD_6
2024_BART_7,20240829T153819_20240829T154422_T18TYP,projects/neon-prod-earthengine/assets/HSI_REFL/002,COPERNICUS/S2_HARMONIZED,318000.0016220662,4878500.000809382,32619,COPERNICUS/S2_HARMONIZED/20240829T153819_20240829T154422_T18TYP,projects/neon-prod-earthengine/assets/HSI_REFL/002/2024_BART_7
2024_BART_7,20240829T153819_20240829T154422_T19TCJ,projects/neon-prod-earthengine/assets/HSI_REFL/002,COPERNICUS/S2_HARMONIZED,318000.0016220662,4878500.000809382,32619,COPERNICUS/S2_HARMONIZED/20240829T153819_20240829T154422_T19TCJ,projects/neon-prod-earthengine/assets/HSI_REFL/002/2024_BART_7
2024_BONA_6,20240710T213531_20240710T213530_T06WVT,projects/neon-prod-earthengine/assets/HSI_REFL/002,COPERNICUS/S2_HARMONIZED,476000.0010763272,7228500.00051197,32606,COPERNICUS/S2_HARMONIZED/20240710T213531_20240710T213530_T06WVT,projects/neon-prod-earthengine/assets/HSI_REFL/002/2024_BONA_6
2024_CLBJ_8,20240513T170851_20240513T172119_T14SPB,projects/neon-prod-earthengine/assets/HSI_REFL/002,COPERNICUS/S2_HARMONIZED,628999.996290399,3692514.462190384,32614,COPERNICUS/S2_HARMONIZED/20240513T170851_20240513T172119_T14SPB,projects/neon-prod-earthengine/assets/HSI_REFL/002/2024_CLBJ_8
2024_CLBJ_8,20240513T170851_20240513T172119_T14SPC,projects/neon-prod-earthengine/assets/HSI_REFL/002,COPERNICUS/S2_HARMONIZED,629000.0628927717,3695624.981616221,32614,COPERNICUS/S2_HARMONIZED/20240513T170851_20240513T172119_T14SPC,projects/neon-prod-earthengine/assets/HSI_REFL/002/2024_CLBJ_8
2024_HARV_8,20240814T153941_20240814T154651_T18TYM,projects/neon-prod-earthengine/assets/HSI_REFL/002,COPERNICUS/S2_HARMONIZED,730500.0121192476,4697024.442144513,32618,COPERNICUS/S2_HARMONIZED/20240814T153941_20240814T154651_T18TYM,projects/neon-prod-earthengine/assets/HSI_REFL/002/2024_HARV_8
2024_HARV_8,20240814T153941_20240814T154651_T18TYN,projects/neon-prod-earthengine/assets/HSI_REFL/002,COPERNICUS/S2_HARMONIZED,730500.0007410131,4707499.997619426,32618,COPERNICUS/S2_HARMONIZED/20240814T153941_20240814T154651_T18TYN,projects/neon-prod-earthengine/assets/HSI_REFL/002/2024_HARV_8
2024_HEAL_6,20240718T214529_20240718T214650_T05VPL,projects/neon-prod-earthengine/assets/HSI_REFL/002,COPERNICUS/S2_HARMONIZED,390999.9996584498,7085499.998858432,32606,COPERNICUS/S2_HARMONIZED/20240718T214529_20240718T214650_T05VPL,projects/neon-prod-earthengine/assets/HSI_REFL/002/2024_HEAL_6
2024_HEAL_6,20240718T214529_20240718T214650_T05WPM,projects/neon-prod-earthengine/assets/HSI_REFL/002,COPERNICUS/S2_HARMONIZED,391177.0452104542,7089795.876141967,32606,COPERNICUS/S2_HARMONIZED/20240718T214529_20240718T214650_T05WPM,projects/neon-prod-earthengine/assets/HSI_REFL/002/2024_HEAL_6
2024_HEAL_6,20240718T214529_20240718T214650_T06VUR,projects/neon-prod-earthengine/assets/HSI_REFL/002,COPERNICUS/S2_HARMONIZED,390999.9996584498,7085499.998858432,32606,COPERNICUS/S2_HARMONIZED/20240718T214529_20240718T214650_T06VUR,projects/neon-prod-earthengine/assets/HSI_REFL/002/2024_HEAL_6
2024_HOPB_5,20240903T153941_20240903T154200_T18TYN,projects/neon-prod-earthengine/assets/HSI_REFL/002,COPERNICUS/S2_HARMONIZED,717999.9996913087,4707500.001164001,32618,COPERNICUS/S2_HARMONIZED/20240903T153941_20240903T154200_T18TYN,projects/neon-prod-earthengine/assets/HSI_REFL/002/2024_HOPB_5
2024_JERC_8,20240508T161901_20240508T162903_T16RGV,projects/neon-prod-earthengine/assets/HSI_REFL/002,COPERNICUS/S2_HARMONIZED,739084.7454342064,3459605.538051201,32616,COPERNICUS/S2_HARMONIZED/20240508T161901_20240508T162903_T16RGV,projects/neon-prod-earthengine/assets/HSI_REFL/002/2024_JERC_8
2024_LENO_8,20240526T162829_20240526T163544_T16SCA,projects/neon-prod-earthengine/assets/HSI_REFL/002,COPERNICUS/S2_HARMONIZED,387000.00036401895,3523000.002834179,32616,COPERNICUS/S2_HARMONIZED/20240526T162829_20240526T163544_T16SCA,projects/neon-prod-earthengine/assets/HSI_REFL/002/2024_LENO_8
2024_MCDI_4,20240612T170901_20240612T171745_T14SQJ,projects/neon-prod-earthengine/assets/HSI_REFL/002,COPERNICUS/S2_HARMONIZED,718499.9994522029,4315499.998902327,32614,COPERNICUS/S2_HARMONIZED/20240612T170901_20240612T171745_T14SQJ,projects/neon-prod-earthengine/assets/HSI_REFL/002/2024_MCDI_4
2024_OAES_8,20240521T171859_20240521T172520_T14SME,projects/neon-prod-earthengine/assets/HSI_REFL/002,COPERNICUS/S2_HARMONIZED,491000.0010486118,3913500.000954498,32614,COPERNICUS/S2_HARMONIZED/20240521T171859_20240521T172520_T14SME,projects/neon-prod-earthengine/assets/HSI_REFL/002/2024_OAES_8
2024_PRIN_7,20240518T170849_20240518T171459_T14SNB,projects/neon-prod-earthengine/assets/HSI_REFL/002,COPERNICUS/S2_HARMONIZED,606384.956730013,3692999.8611740414,32614,COPERNICUS/S2_HARMONIZED/20240518T170849_20240518T171459_T14SNB,projects/neon-prod-earthengine/assets/HSI_REFL/002/2024_PRIN_7
2024_PRIN_7,20240518T170849_20240518T171459_T14SNC,projects/neon-prod-earthengine/assets/HSI_REFL/002,COPERNICUS/S2_HARMONIZED,606384.910805932,3695125.295568774,32614,COPERNICUS/S2_HARMONIZED/20240518T170849_20240518T171459_T14SNC,projects/neon-prod-earthengine/assets/HSI_REFL/002/2024_PRIN_7
2024_PRIN_7,20240518T170849_20240518T171459_T14SPB,projects/neon-prod-earthengine/assets/HSI_REFL/002,COPERNICUS/S2_HARMONIZED,609000.0004851478,3692999.999537058,32614,COPERNICUS/S2_HARMONIZED/20240518T170849_20240518T171459_T14SPB,projects/neon-prod-earthengine/assets/HSI_REFL/002/2024_PRIN_7
2024_PRIN_7,20240518T170849_20240518T171459_T14SPC,projects/neon-prod-earthengine/assets/HSI_REFL/002,COPERNICUS/S2_HARMONIZED,609000.0562107355,3695125.157037343,32614,COPERNICUS/S2_HARMONIZED/20240518T170849_20240518T171459_T14SPC,projects/neon-prod-earthengine/assets/HSI_REFL/002/2024_PRIN_7
2024_SOAP_8,20240609T183921_20240609T185104_T11SKA,projects/neon-prod-earthengine/assets/HSI_REFL/002,COPERNICUS/S2_HARMONIZED,299499.9953086708,4097024.6225838223,32611,COPERNICUS/S2_HARMONIZED/20240609T183921_20240609T185104_T11SKA,projects/neon-prod-earthengine/assets/HSI_REFL/002/2024_SOAP_8
2024_SOAP_8,20240609T183921_20240609T185104_T11SKB,projects/neon-prod-earthengine/assets/HSI_REFL/002,COPERNICUS/S2_HARMONIZED,299499.9999484206,4102000.000267103,32611,COPERNICUS/S2_HARMONIZED/20240609T183921_20240609T185104_T11SKB,projects/neon-prod-earthengine/assets/HSI_REFL/002/2024_SOAP_8
2024_SOAP_8,20240609T183921_20240609T185104_T11SLA,projects/neon-prod-earthengine/assets/HSI_REFL/002,COPERNICUS/S2_HARMONIZED,303495.001961418,4097024.630372342,32611,COPERNICUS/S2_HARMONIZED/20240609T183921_20240609T185104_T11SLA,projects/neon-prod-earthengine/assets/HSI_REFL/002/2024_SOAP_8
2024_SOAP_8,20240609T183921_20240609T185104_T11SLB,projects/neon-prod-earthengine/assets/HSI_REFL/002,COPERNICUS/S2_HARMONIZED,303494.6877534312,4102000.228254023,32611,COPERNICUS/S2_HARMONIZED/20240609T183921_20240609T185104_T11SLB,projects/neon-prod-earthengine/assets/HSI_REFL/002/2024_SOAP_8
